{
    "mean": {
        "Rprec": 0.3287847889389963,
        "P_1": 0.5510204081632653,
        "P_5": 0.4448979591836735,
        "P_10": 0.363265306122449,
        "P_20": 0.28877551020408165,
        "P_50": 0.16530612244897958,
        "P_100": 0.10040816326530612,
        "P_1000": 0.015224489795918367,
        "recall_1": 0.036752452586154484,
        "recall_5": 0.1475175265951813,
        "recall_10": 0.23545637964755115,
        "recall_20": 0.358908358583417,
        "recall_50": 0.4939724009249188,
        "recall_100": 0.5833024122938292,
        "recall_1000": 0.8247279191174128,
        "ndcg_cut_1": 0.5408163265306123,
        "ndcg_cut_5": 0.4537249892820578,
        "ndcg_cut_10": 0.4090676771482576,
        "ndcg_cut_20": 0.4142504738809062,
        "ndcg_cut_50": 0.47254815996915034,
        "ndcg_cut_100": 0.5112017663533029,
        "ndcg_cut_1000": 0.5915380951048351,
        "map_cut_1": 0.036752452586154484,
        "map_cut_5": 0.11841217958623713,
        "map_cut_10": 0.16567372653133527,
        "map_cut_20": 0.21361948620119467,
        "map_cut_50": 0.24588114452957663,
        "map_cut_100": 0.2584785612488912,
        "map_cut_1000": 0.2716843569766639
    },
    "std": {
        "Rprec": 0.1674904033213145,
        "P_1": 0.4973901064062833,
        "P_5": 0.25319285582482975,
        "P_10": 0.17692830042198568,
        "P_20": 0.11704931200594998,
        "P_50": 0.05580951717595824,
        "P_100": 0.03136091312663918,
        "P_1000": 0.005080034171998391,
        "recall_1": 0.04255534876264924,
        "recall_5": 0.129739316863376,
        "recall_10": 0.17812397657708043,
        "recall_20": 0.20526371360425505,
        "recall_50": 0.21003325692785113,
        "recall_100": 0.20663610842834865,
        "recall_1000": 0.13512414804089398,
        "ndcg_cut_1": 0.49318554994263564,
        "ndcg_cut_5": 0.2684005987532504,
        "ndcg_cut_10": 0.2200051944886983,
        "ndcg_cut_20": 0.2102367902011293,
        "ndcg_cut_50": 0.2022916543618785,
        "ndcg_cut_100": 0.19528732985459588,
        "ndcg_cut_1000": 0.15946519456346447,
        "map_cut_1": 0.04255534876264924,
        "map_cut_5": 0.11797273352136785,
        "map_cut_10": 0.15528429520131307,
        "map_cut_20": 0.17062460115414774,
        "map_cut_50": 0.17123603881394403,
        "map_cut_100": 0.1717432198806924,
        "map_cut_1000": 0.16680246956438802
    }
}